Comment,Designator,Footprint,LCSC
"Battery_Cell","BT1","Battery:BatteryHolder_Keystone_1060_1x2032","C70377"
"1uF","C1,C17","Capacitor_SMD:C_0402_1005Metric","C52923"
"470pF","C10,C3","Capacitor_SMD:C_0402_1005Metric","C1537"
"100nF","C11,C14,C15,C16,C18","Capacitor_SMD:C_0402_1005Metric","C1525"
"10uF","C2,C5,C4,C12,C13","Capacitor_SMD:C_0402_1005Metric","C15525"
"10p","C8,C9","Capacitor_SMD:C_0402_1005Metric","C32949"
"LED White","D1,D2","LED_SMD:LED_0603_1608Metric","C2290"
"Conn_01x05","J1","Connector_PinHeader_2.54mm:PinHeader_1x05_P2.54mm_Vertical",""
"STDC14","J2","Connector_PinHeader_1.27mm:PinHeader_2x07_P1.27mm_Vertical_SMD",""
"Conn_02x05_Odd_Even","J3","Connector_PinSocket_2.54mm:PinSocket_2x05_P2.54mm_Vertical_SMD","C261072"
"AudioJack4_SwitchTR1","J4","Connector_Audio:Jack_3.5mm_PJ320D_Horizontal",""
"USB_C_Receptacle_USB2.0","J5","Connector_USB:USB_C_Receptacle_HRO_TYPE-C-31-M-12",""
"10k","R1,R2,R12,R5","Resistor_SMD:R_0402_1005Metric","C25744"
"22R","R10,R9,R7,R8,R13","Resistor_SMD:R_0402_1005Metric","C25092"
"5k1","R11","Resistor_SMD:R_0402_1005Metric","C25905"
"1k5","R6,R3,R4","Resistor_SMD:R_0402_1005Metric","C25867"
"SW_Push","SW1","Button_Switch_SMD:1TS003B","C381061"
"MIC5219-3.3YM5","U2,U1","Package_TO_SOT_SMD:SOT-23-5","C29613"
"STM32F072C8Tx","U3","Package_QFP:LQFP-48_7x7mm_P0.5mm","C81720"
"USBLC6-2SC6","U5,U4","Package_TO_SOT_SMD:SOT-23-6","C7519"
"HV5W","U6","Power_Modules:HV5W_SMD",""
"32.768kHz","Y2","Crystal:Crystal_SMD_3215-2Pin_3.2x1.5mm","C32346"